<?xml version="1.0"?>
<doc>
    <assembly>
        <name>Priority Queue UWP</name>
    </assembly>
    <members>
        <member name="T:Priority_Queue.FastPriorityQueue`1">
            <summary>
            An implementation of a min-Priority Queue using a heap.  Has O(1) .Contains()!
            See https://github.com/BlueRaja/High-Speed-Priority-Queue-for-C-Sharp/wiki/Getting-Started for more information
            </summary>
            <typeparam name="T">The values in the queue.  Must extend the FastPriorityQueueNode class</typeparam>
        </member>
        <member name="M:Priority_Queue.FastPriorityQueue`1.#ctor(System.Int32)">
            <summary>
            Instantiate a new Priority Queue
            </summary>
            <param name="maxNodes">The max nodes ever allowed to be enqueued (going over this will cause undefined behavior)</param>
        </member>
        <member name="P:Priority_Queue.FastPriorityQueue`1.Count">
            <summary>
            Returns the number of nodes in the queue.
            O(1)
            </summary>
        </member>
        <member name="P:Priority_Queue.FastPriorityQueue`1.MaxSize">
            <summary>
            Returns the maximum number of items that can be enqueued at once in this queue.  Once you hit this number (ie. once Count == MaxSize),
            attempting to enqueue another item will cause undefined behavior.  O(1)
            </summary>
        </member>
        <member name="M:Priority_Queue.FastPriorityQueue`1.Clear">
            <summary>
            Removes every node from the queue.
            O(n) (So, don't do this often!)
            </summary>
        </member>
        <member name="M:Priority_Queue.FastPriorityQueue`1.Contains(`0)">
            <summary>
            Returns (in O(1)!) whether the given node is in the queue.  O(1)
            </summary>
        </member>
        <member name="M:Priority_Queue.FastPriorityQueue`1.Enqueue(`0,System.Single)">
            <summary>
            Enqueue a node to the priority queue.  Lower values are placed in front. Ties are broken by first-in-first-out.
            If the queue is full, the result is undefined.
            If the node is already enqueued, the result is undefined.
            O(log n)
            </summary>
        </member>
        <member name="M:Priority_Queue.FastPriorityQueue`1.HasHigherPriority(`0,`0)">
            <summary>
            Returns true if 'higher' has higher priority than 'lower', false otherwise.
            Note that calling HasHigherPriority(node, node) (ie. both arguments the same node) will return false
            </summary>
        </member>
        <member name="M:Priority_Queue.FastPriorityQueue`1.Dequeue">
            <summary>
            Removes the head of the queue and returns it.
            If queue is empty, result is undefined
            O(log n)
            </summary>
        </member>
        <member name="M:Priority_Queue.FastPriorityQueue`1.Resize(System.Int32)">
            <summary>
            Resize the queue so it can accept more nodes.  All currently enqueued nodes are remain.
            Attempting to decrease the queue size to a size too small to hold the existing nodes results in undefined behavior
            O(n)
            </summary>
        </member>
        <member name="P:Priority_Queue.FastPriorityQueue`1.First">
            <summary>
            Returns the head of the queue, without removing it (use Dequeue() for that).
            If the queue is empty, behavior is undefined.
            O(1)
            </summary>
        </member>
        <member name="M:Priority_Queue.FastPriorityQueue`1.UpdatePriority(`0,System.Single)">
            <summary>
            This method must be called on a node every time its priority changes while it is in the queue.  
            <b>Forgetting to call this method will result in a corrupted queue!</b>
            Calling this method on a node not in the queue results in undefined behavior
            O(log n)
            </summary>
        </member>
        <member name="M:Priority_Queue.FastPriorityQueue`1.Remove(`0)">
            <summary>
            Removes a node from the queue.  The node does not need to be the head of the queue.  
            If the node is not in the queue, the result is undefined.  If unsure, check Contains() first
            O(log n)
            </summary>
        </member>
        <member name="M:Priority_Queue.FastPriorityQueue`1.IsValidQueue">
            <summary>
            <b>Should not be called in production code.</b>
            Checks to make sure the queue is still in a valid state.  Used for testing/debugging the queue.
            </summary>
        </member>
        <member name="P:Priority_Queue.FastPriorityQueueNode.Priority">
            <summary>
            The Priority to insert this node at.  Must be set BEFORE adding a node to the queue (ideally just once, in the node's constructor).
            Should not be manually edited once the node has been enqueued - use queue.UpdatePriority() instead
            </summary>
        </member>
        <member name="P:Priority_Queue.FastPriorityQueueNode.QueueIndex">
            <summary>
            Represents the current position in the queue
            </summary>
        </member>
        <member name="T:Priority_Queue.IFixedSizePriorityQueue`1">
            <summary>
            A helper-interface only needed to make writing unit tests a bit easier (hence the 'internal' access modifier)
            </summary>
        </member>
        <member name="M:Priority_Queue.IFixedSizePriorityQueue`1.Resize(System.Int32)">
            <summary>
            Resize the queue so it can accept more nodes.  All currently enqueued nodes are remain.
            Attempting to decrease the queue size to a size too small to hold the existing nodes results in undefined behavior
            </summary>
        </member>
        <member name="P:Priority_Queue.IFixedSizePriorityQueue`1.MaxSize">
            <summary>
            Returns the maximum number of items that can be enqueued at once in this queue.  Once you hit this number (ie. once Count == MaxSize),
            attempting to enqueue another item will cause undefined behavior.
            </summary>
        </member>
        <member name="T:Priority_Queue.IPriorityQueue`1">
            <summary>
            The IPriorityQueue interface.  This is mainly here for purists, and in case I decide to add more implementations later.
            For speed purposes, it is actually recommended that you *don't* access the priority queue through this interface, since the JIT can
            (theoretically?) optimize method calls from concrete-types slightly better.
            </summary>
        </member>
        <member name="M:Priority_Queue.IPriorityQueue`1.Enqueue(`0,System.Single)">
            <summary>
            Enqueue a node to the priority queue.  Lower values are placed in front. Ties are broken by first-in-first-out.
            See implementation for how duplicates are handled.
            </summary>
        </member>
        <member name="M:Priority_Queue.IPriorityQueue`1.Dequeue">
            <summary>
            Removes the head of the queue (node with minimum priority; ties are broken by order of insertion), and returns it.
            </summary>
        </member>
        <member name="M:Priority_Queue.IPriorityQueue`1.Clear">
            <summary>
            Removes every node from the queue.
            </summary>
        </member>
        <member name="M:Priority_Queue.IPriorityQueue`1.Contains(`0)">
            <summary>
            Returns whether the given node is in the queue.
            </summary>
        </member>
        <member name="M:Priority_Queue.IPriorityQueue`1.Remove(`0)">
            <summary>
            Removes a node from the queue.  The node does not need to be the head of the queue.  
            </summary>
        </member>
        <member name="M:Priority_Queue.IPriorityQueue`1.UpdatePriority(`0,System.Single)">
            <summary>
            Call this method to change the priority of a node.  
            </summary>
        </member>
        <member name="P:Priority_Queue.IPriorityQueue`1.First">
            <summary>
            Returns the head of the queue, without removing it (use Dequeue() for that).
            </summary>
        </member>
        <member name="P:Priority_Queue.IPriorityQueue`1.Count">
            <summary>
            Returns the number of nodes in the queue.
            </summary>
        </member>
        <member name="T:Priority_Queue.SimplePriorityQueue`1">
            <summary>
            A simplified priority queue implementation.  Is stable, auto-resizes, and thread-safe, at the cost of being slightly slower than
            FastPriorityQueue
            </summary>
            <typeparam name="T">The type to enqueue</typeparam>
        </member>
        <member name="M:Priority_Queue.SimplePriorityQueue`1.GetExistingNode(`0)">
            <summary>
            Given an item of type T, returns the exist SimpleNode in the queue
            </summary>
        </member>
        <member name="P:Priority_Queue.SimplePriorityQueue`1.Count">
            <summary>
            Returns the number of nodes in the queue.
            O(1)
            </summary>
        </member>
        <member name="P:Priority_Queue.SimplePriorityQueue`1.First">
            <summary>
            Returns the head of the queue, without removing it (use Dequeue() for that).
            Throws an exception when the queue is empty.
            O(1)
            </summary>
        </member>
        <member name="M:Priority_Queue.SimplePriorityQueue`1.Clear">
            <summary>
            Removes every node from the queue.
            O(n)
            </summary>
        </member>
        <member name="M:Priority_Queue.SimplePriorityQueue`1.Contains(`0)">
            <summary>
            Returns whether the given item is in the queue.
            O(n)
            </summary>
        </member>
        <member name="M:Priority_Queue.SimplePriorityQueue`1.Dequeue">
            <summary>
            Removes the head of the queue (node with minimum priority; ties are broken by order of insertion), and returns it.
            If queue is empty, throws an exception
            O(log n)
            </summary>
        </member>
        <member name="M:Priority_Queue.SimplePriorityQueue`1.Enqueue(`0,System.Single)">
            <summary>
            Enqueue a node to the priority queue.  Lower values are placed in front. Ties are broken by first-in-first-out.
            This queue automatically resizes itself, so there's no concern of the queue becoming 'full'.
            Duplicates are allowed.
            O(log n)
            </summary>
        </member>
        <member name="M:Priority_Queue.SimplePriorityQueue`1.Remove(`0)">
            <summary>
            Removes an item from the queue.  The item does not need to be the head of the queue.  
            If the item is not in the queue, an exception is thrown.  If unsure, check Contains() first.
            If multiple copies of the item are enqueued, only the first one is removed. 
            O(n)
            </summary>
        </member>
        <member name="M:Priority_Queue.SimplePriorityQueue`1.UpdatePriority(`0,System.Single)">
            <summary>
            Call this method to change the priority of an item.
            Calling this method on a item not in the queue will throw an exception.
            If the item is enqueued multiple times, only the first one will be updated.
            (If your requirements are complex enough that you need to enqueue the same item multiple times <i>and</i> be able
            to update all of them, please wrap your items in a wrapper class so they can be distinguished).
            O(n)
            </summary>
        </member>
        <member name="T:Priority_Queue.StablePriorityQueue`1">
            <summary>
            A copy of FastPriorityQueue which is also stable - that is, when two nodes are enqueued with the same priority, they
            are always dequeued in the same order.
            See https://github.com/BlueRaja/High-Speed-Priority-Queue-for-C-Sharp/wiki/Getting-Started for more information
            </summary>
            <typeparam name="T">The values in the queue.  Must extend the StablePriorityQueueNode class</typeparam>
        </member>
        <member name="M:Priority_Queue.StablePriorityQueue`1.#ctor(System.Int32)">
            <summary>
            Instantiate a new Priority Queue
            </summary>
            <param name="maxNodes">The max nodes ever allowed to be enqueued (going over this will cause undefined behavior)</param>
        </member>
        <member name="P:Priority_Queue.StablePriorityQueue`1.Count">
            <summary>
            Returns the number of nodes in the queue.
            O(1)
            </summary>
        </member>
        <member name="P:Priority_Queue.StablePriorityQueue`1.MaxSize">
            <summary>
            Returns the maximum number of items that can be enqueued at once in this queue.  Once you hit this number (ie. once Count == MaxSize),
            attempting to enqueue another item will cause undefined behavior.  O(1)
            </summary>
        </member>
        <member name="M:Priority_Queue.StablePriorityQueue`1.Clear">
            <summary>
            Removes every node from the queue.
            O(n) (So, don't do this often!)
            </summary>
        </member>
        <member name="M:Priority_Queue.StablePriorityQueue`1.Contains(`0)">
            <summary>
            Returns (in O(1)!) whether the given node is in the queue.  O(1)
            </summary>
        </member>
        <member name="M:Priority_Queue.StablePriorityQueue`1.Enqueue(`0,System.Single)">
            <summary>
            Enqueue a node to the priority queue.  Lower values are placed in front. Ties are broken by first-in-first-out.
            If the queue is full, the result is undefined.
            If the node is already enqueued, the result is undefined.
            O(log n)
            </summary>
        </member>
        <member name="M:Priority_Queue.StablePriorityQueue`1.HasHigherPriority(`0,`0)">
            <summary>
            Returns true if 'higher' has higher priority than 'lower', false otherwise.
            Note that calling HasHigherPriority(node, node) (ie. both arguments the same node) will return false
            </summary>
        </member>
        <member name="M:Priority_Queue.StablePriorityQueue`1.Dequeue">
            <summary>
            Removes the head of the queue (node with minimum priority; ties are broken by order of insertion), and returns it.
            If queue is empty, result is undefined
            O(log n)
            </summary>
        </member>
        <member name="M:Priority_Queue.StablePriorityQueue`1.Resize(System.Int32)">
            <summary>
            Resize the queue so it can accept more nodes.  All currently enqueued nodes are remain.
            Attempting to decrease the queue size to a size too small to hold the existing nodes results in undefined behavior
            O(n)
            </summary>
        </member>
        <member name="P:Priority_Queue.StablePriorityQueue`1.First">
            <summary>
            Returns the head of the queue, without removing it (use Dequeue() for that).
            If the queue is empty, behavior is undefined.
            O(1)
            </summary>
        </member>
        <member name="M:Priority_Queue.StablePriorityQueue`1.UpdatePriority(`0,System.Single)">
            <summary>
            This method must be called on a node every time its priority changes while it is in the queue.  
            <b>Forgetting to call this method will result in a corrupted queue!</b>
            Calling this method on a node not in the queue results in undefined behavior
            O(log n)
            </summary>
        </member>
        <member name="M:Priority_Queue.StablePriorityQueue`1.Remove(`0)">
            <summary>
            Removes a node from the queue.  The node does not need to be the head of the queue.  
            If the node is not in the queue, the result is undefined.  If unsure, check Contains() first
            O(log n)
            </summary>
        </member>
        <member name="M:Priority_Queue.StablePriorityQueue`1.IsValidQueue">
            <summary>
            <b>Should not be called in production code.</b>
            Checks to make sure the queue is still in a valid state.  Used for testing/debugging the queue.
            </summary>
        </member>
        <member name="P:Priority_Queue.StablePriorityQueueNode.InsertionIndex">
            <summary>
            Represents the order the node was inserted in
            </summary>
        </member>
    </members>
</doc>
